Model,RMSE,MAPE,sMAPE,RMSE Ranking,MAPE Ranking,sMAPE Ranking
Naive,2.883141725142562,0.029241732224386568,1.95776397556173,1,1,1
Weighted Ensemble: Simple,3.121505980476875,0.03040128492120781,2.0427772220007725,2,2,2
XGBoost,3.3422904730716456,0.032359580104688805,2.1872984674292018,3,3,3
STL,4.901733997973055,0.05024453162748219,3.3607800945567634,4,4,4
