,Model,MAPE,RMSE,SMAPE,MAPE Ranking,RMSE Ranking,SMAPE Ranking
0,Naive,0.6043181213549177,0.008752665539940049,0.40266658479836,1,1,1
1,Ens: Inverse RMSE (weighted),0.8167075308929189,0.011272541988857186,0.544611817681551,2,2,2
2,Ens: Simple (weighted),0.9048686487244523,0.012397135928509294,0.6035309448379783,3,3,3
3,STL,1.2884378598849693,0.017665049061465394,0.8599812639553034,4,4,4
